{
   "stages":[
      {"items":[
         {"name":"on-table","objectNames":["a"]},
         {"name":"on-table","objectNames":["b"]},
         {"name":"on-table","objectNames":["e"]},
         {"name":"on-table","objectNames":["c"]},
         {"name":"clear","objectNames":["a"]},
         {"name":"clear","objectNames":["b"]},
         {"name":"clear","objectNames":["e"]},
         {"name":"clear","objectNames":["d"]},
         {"name":"on","objectNames":["d","c"]},
         {"name":"arm-free","objectNames":[]}
      ]},
      {"items":[
         {"name":"on-table","objectNames":["a"]},
         {"name":"on-table","objectNames":["b"]},
         {"name":"on-table","objectNames":["e"]},
         {"name":"on-table","objectNames":["c"]},
         {"name":"clear","objectNames":["a"]},
         {"name":"clear","objectNames":["b"]},
         {"name":"clear","objectNames":["e"]},
         {"name":"clear","objectNames":["c"]},
         {"name":"holding","objectNames":["d"]}
      ]},
      {"items":[
         {"name":"on-table","objectNames":["a"]},
         {"name":"on-table","objectNames":["b"]},
         {"name":"on-table","objectNames":["c"]},
         {"name":"on-table","objectNames":["d"]},
         {"name":"on-table","objectNames":["e"]},
         {"name":"clear","objectNames":["a"]},
         {"name":"clear","objectNames":["b"]},
         {"name":"clear","objectNames":["e"]},
         {"name":"clear","objectNames":["c"]},
         {"name":"clear","objectNames":["d"]},
         {"name":"arm-free","objectNames":[]}
      ]},
      {"items":[
         {"name":"on-table","objectNames":["a"]},
         {"name":"on-table","objectNames":["c"]},
         {"name":"on-table","objectNames":["d"]},
         {"name":"on-table","objectNames":["e"]},
         {"name":"clear","objectNames":["a"]},
         {"name":"clear","objectNames":["e"]},
         {"name":"clear","objectNames":["c"]},
         {"name":"clear","objectNames":["d"]},
         {"name":"holding","objectNames":["b"]}
      ]},
      {"items":[
         {"name":"on-table","objectNames":["a"]},
         {"name":"on-table","objectNames":["c"]},
         {"name":"on-table","objectNames":["d"]},
         {"name":"on-table","objectNames":["e"]},
         {"name":"clear","objectNames":["a"]},
         {"name":"clear","objectNames":["e"]},
         {"name":"clear","objectNames":["c"]},
         {"name":"on","objectNames":["b","d"]},
         {"name":"clear","objectNames":["b"]},
         {"name":"arm-free","objectNames":[]}           
      ]}, 
      {"items":[
         {"name":"on-table","objectNames":["a"]},
         {"name":"on-table","objectNames":["d"]},
         {"name":"on-table","objectNames":["e"]},
         {"name":"clear","objectNames":["a"]},
         {"name":"clear","objectNames":["e"]},
         {"name":"on","objectNames":["b","d"]},
         {"name":"clear","objectNames":["b"]},
         {"name":"holding","objectNames":["c"]}           
      ]},
      {"items":[
         {"name":"on-table","objectNames":["a"]},
         {"name":"on-table","objectNames":["d"]},
         {"name":"on-table","objectNames":["e"]},
         {"name":"clear","objectNames":["b"]},
         {"name":"clear","objectNames":["c"]},
         {"name":"clear","objectNames":["e"]},
         {"name":"on","objectNames":["b","d"]},
         {"name":"on","objectNames":["c","a"]},
         {"name":"arm-free","objectNames":[]}           
      ]},      
      {"items":[
         {"name":"on-table","objectNames":["a"]},
         {"name":"on-table","objectNames":["d"]},
         {"name":"clear","objectNames":["b"]},
         {"name":"clear","objectNames":["c"]},
         {"name":"on","objectNames":["b","d"]},
         {"name":"on","objectNames":["c","a"]},
         {"name":"holding","objectNames":["e"]}           
      ]},
      {"items":[
         {"name":"on-table","objectNames":["a"]},
         {"name":"on-table","objectNames":["d"]},
         {"name":"clear","objectNames":["b"]},
         {"name":"clear","objectNames":["c"]},
         {"name":"clear","objectNames":["e"]},
         {"name":"on","objectNames":["b","d"]},
         {"name":"on","objectNames":["c","a"]},
         {"name":"on","objectNames":["e","c"]},
         {"name":"arm-free","objectNames":[]}         
      ]}
   ]
}